Iteration, Max P, Construction Time, Heuristic Time, Construction + Heuristic, Score Before Heuristic, Score After Heuristic, Score Difference，Unassigned areas
0, 69, 14.86899995803833, 0.042999982833862305, 14.911999940872192, 24840676, 24840676, 0,133,0.003999948501586914,777.7740032672882,3.587999105453491
1, 69, 14.032000064849854, 0.1119999885559082, 14.144000053405762, 20146635, 20146635, 0,134,0.0,775.0229997634888,3.1530001163482666
2, 69, 8.045000076293945, 0.01699995994567871, 8.062000036239624, 21158565, 21158565, 0,135,0.0,423.7540054321289,2.271000623703003
