Iteration, Max P, Construction Time, Heuristic Time, Construction + Heuristic, Score Before Heuristic, Score After Heuristic, Score Difference，Unassigned areas
0, 69, 13.482999801635742, 0.0560002326965332, 13.539000034332275, 22841348, 22841348, 0,128,0.0019998550415039062,765.428004026413,1.8359997272491455
1, 69, 6.245000123977661, 0.012000083923339844, 6.257000207901001, 25581079, 25581079, 0,131,0.0,355.9830107688904,0.8349993228912354
