Iteration, Max P, Construction Time, Heuristic Time, Construction + Heuristic, Score Before Heuristic, Score After Heuristic, Score Difference，Unassigned areas
0, 141, 22.26699995994568, 0.09399986267089844, 22.360999822616577, 1404207, 1404207, 0,57,0.004999876022338867,1335.9240016937256,18.651000261306763
