Iteration, Max P, Construction Time, Heuristic Time, Construction + Heuristic, Score Before Heuristic, Score After Heuristic, Score Difference，Unassigned areas
0, 69, 56.01600003242493, 0.1809999942779541, 56.19700002670288, 25386686, 25386686, 0,123,0.003999948501586914,2059.054003715515,12.762998580932617
1, 69, 16.680000066757202, 0.0280001163482666, 16.70800018310547, 25886093, 25886093, 0,128,0.0,763.8650104999542,3.576998233795166
2, 69, 13.743000030517578, 0.009000062942504883, 13.752000093460083, 19124771, 19124771, 0,131,0.015000104904174805,707.9899878501892,3.657000780105591
