Iteration, Max P, Construction Time, Heuristic Time, Construction + Heuristic, Score Before Heuristic, Score After Heuristic, Score Difference，Unassigned areas
0, 69, 18.911999940872192, 0.059999942779541016, 18.971999883651733, 22091459, 22091459, 0,133,0.0279998779296875,1047.4380052089691,4.495000123977661
1, 69, 16.52999997138977, 0.06100010871887207, 16.591000080108643, 24541484, 24541484, 0,124,0.0,876.2690000534058,3.527000665664673
2, 69, 14.302000045776367, 0.03299999237060547, 14.335000038146973, 21635938, 21635938, 0,127,0.0,764.4210090637207,3.689999580383301
