Iteration, Max P, Construction Time, Heuristic Time, Construction + Heuristic, Score Before Heuristic, Score After Heuristic, Score Difference，Unassigned areas
0, 481, 42.365999937057495, 0.046000003814697266, 42.41199994087219, 237636, 237636, 0,36,0.003000020980834961,1701.2260019779205,5.389997959136963
1, 485, 19.007999897003174, 0.00800013542175293, 19.016000032424927, 233177, 233177, 0,39,0.0,1012.9770002365112,2.5600008964538574
2, 483, 19.70300006866455, 0.10299992561340332, 19.805999994277954, 229091, 229091, 0,40,0.0,1022.5440051555634,2.776001453399658
