Iteration, Max P, Construction Time, Heuristic Time, Construction + Heuristic, Score Before Heuristic, Score After Heuristic, Score Difference，Unassigned areas
0, 69, 12.6489999294281, 0.1419999599456787, 12.79099988937378, 21752038, 21752038, 0,131,0.003000020980834961,689.5090024471283,2.3919975757598877
1, 69, 11.980000019073486, 0.05900001525878906, 12.039000034332275, 24831886, 24831886, 0,130,0.0,588.3000063896179,3.0570003986358643
2, 69, 11.599000215530396, 0.15399980545043945, 11.753000020980835, 14331332, 14331332, 0,138,0.0010001659393310547,578.7279939651489,2.7150003910064697
