Iteration, Max P, Construction Time, Heuristic Time, Construction + Heuristic, Score Before Heuristic, Score After Heuristic, Score Difference，Unassigned areas
0, 151, 5.082000017166138, 5.323999881744385, 10.405999898910522, 1483682, 1288305, 195377,0,0.0010001659393310547,367.0009925365448,4.1600000858306885
1, 152, 1.7129998207092285, 1.5329999923706055, 3.245999813079834, 1508170, 1309665, 198505,0,0.0,92.42299103736877,1.3780009746551514
2, 153, 1.071000099182129, 1.2989997863769531, 2.369999885559082, 1469885, 1300358, 169527,0,0.0,57.70700001716614,0.8550009727478027
