Iteration, Max P, Construction Time, Heuristic Time, Construction + Heuristic, Score Before Heuristic, Score After Heuristic, Score Difference，Unassigned areas
0, 130, 11.930000066757202, 1.375, 13.305000066757202, 2444055, 2291599, 152456,0,0.0559999942779541,675.3230047225952,2.0530025959014893
