Iteration, Max P, Construction Time, Heuristic Time, Construction + Heuristic, Score Before Heuristic, Score After Heuristic, Score Difference，Unassigned areas
0, 128, 31.06499981880188, 11.341000080108643, 42.40599989891052, 2970487, 2743973, 226514,1,0.11900019645690918,1366.0669889450073,5.8060009479522705
